EmailAddress,FullName,FirstName,LastName,PhoneNumber,Birthdate,SubscriptionDate,Gender,City,State,Country
john.doe@example.com,John Doe,John,Doe,123-456-7890,1990-01-01,2024-01-01,Male,New York,NY,USA
jane.smith@example.com,Jane Smith,Jane,Smith,987-654-3210,1985-05-15,2024-01-02,Female,Los Angeles,CA,USA
alice.jones@example.com,Alice Jones,Alice,Jones,555-123-4567,1992-08-25,2024-01-03,Female,Chicago,IL,USA
bob.brown@example.com,Bob Brown,Bob,Brown,555-765-4321,1988-11-10,2024-01-04,Male,Houston,TX,USA
carol.white@example.com,Carol White,Carol,White,555-234-5678,1995-03-17,2024-01-05,Female,San Francisco,CA,USA
david.green@example.com,David Green,David,Green,555-876-5432,1983-07-30,2024-01-06,Male,Seattle,WA,USA
emma.miller@example.com,Emma Miller,Emma,Miller,555-345-6789,1994-06-22,2024-01-07,Female,Boston,MA,USA
frank.adams@example.com,Frank Adams,Frank,Adams,555-987-6543,1987-12-05,2024-01-08,Male,Denver,CO,USA
grace.white@example.com,Grace White,Grace,White,555-567-8901,1991-09-13,2024-01-09,Female,Miami,FL,USA
henry.lee@example.com,Henry Lee,Henry,Lee,555-678-9012,1986-10-17,2024-01-10,Male,Atlanta,GA,USA
isabella.harris@example.com,Isabella Harris,Isabella,Harris,555-789-0123,1993-02-14,2024-01-11,Female,Philadelphia,PA,USA
jack.martin@example.com,Jack Martin,Jack,Martin,555-890-1234,1992-05-19,2024-01-12,Male,San Diego,CA,USA
karen.clark@example.com,Karen Clark,Karen,Clark,555-901-2345,1989-07-21,2024-01-13,Female,Minneapolis,MN,USA
liam.lewis@example.com,Liam Lewis,Liam,Lewis,555-012-3456,1990-04-10,2024-01-14,Male,Orlando,FL,USA
mia.walker@example.com,Mia Walker,Mia,Walker,555-123-4568,1991-06-30,2024-01-15,Female,Phoenix,AZ,USA
noah.jones@example.com,Noah Jones,Noah,Jones,555-234-5679,1985-12-25,2024-01-16,Male,San Antonio,TX,USA
olivia.davis@example.com,Olivia Davis,Olivia,Davis,555-345-6780,1994-08-09,2024-01-17,Female,Dallas,TX,USA
paul.rodriguez@example.com,Paul Rodriguez,Paul,Rodriguez,555-456-7891,1982-11-05,2024-01-18,Male,San Jose,CA,USA
quinn.harris@example.com,Quinn Harris,Quinn,Harris,555-567-8902,1987-09-17,2024-01-19,Female,Columbus,OH,USA
rachel.martinez@example.com,Rachel Martinez,Rachel,Martinez,555-678-9013,1990-07-25,2024-01-20,Female,Indianapolis,IN,USA
samuel.morris@example.com,Samuel Morris,Samuel,Morris,555-789-0124,1993-03-18,2024-01-21,Male,Charlotte,NC,USA
taylor.evans@example.com,Taylor Evans,Taylor,Evans,555-890-1235,1988-10-12,2024-01-22,Female,Jacksonville,FL,USA
ursula.young@example.com,Ursula Young,Ursula,Young,555-901-2346,1995-01-30,2024-01-23,Female,San Francisco,CA,USA
victor.wright@example.com,Victor Wright,Victor,Wright,555-012-3457,1989-12-20,2024-01-24,Male,Washington,DC,USA
willa.king@example.com,Willa King,Willa,King,555-123-4569,1991-04-09,2024-01-25,Female,Boston,MA,USA
xander.wood@example.com,Xander Wood,Xander,Wood,555-234-5670,1992-08-11,2024-01-26,Male,Detroit,MI,USA
yara.lee@example.com,Yara Lee,Yara,Lee,555-345-6781,1984-11-15,2024-01-27,Female,Baltimore,MD,USA
zachary.miller@example.com,Zachary Miller,Zachary,Miller,555-456-7892,1986-07-21,2024-01-28,Male,Milwaukee,WI,USA
ada.hernandez@example.com,Ada Hernandez,Ada,Hernandez,555-567-8903,1993-12-18,2024-01-29,Female,Albuquerque,NM,USA
brian.martin@example.com,Brian Martin,Brian,Martin,555-678-9014,1991-05-11,2024-01-30,Male,Tucson,AZ,USA
claire.smith@example.com,Claire Smith,Claire,Smith,555-789-0125,1989-02-20,2024-01-31,Female,Fresno,CA,USA
derek.jones@example.com,Derek Jones,Derek,Jones,555-890-1236,1987-10-30,2024-02-01,Male,Sacramento,CA,USA
ella.brown@example.com,Ella Brown,Ella,Brown,555-901-2347,1992-09-14,2024-02-02,Female, Kansas City, MO, USA
frankie.green@example.com,Frankie Green,Frankie,Green,555-012-3458,1990-12-23,2024-02-03,Male,Virginia Beach,VA,USA
grace.morris@example.com,Grace Morris,Grace,Morris,555-123-4560,1994-06-17,2024-02-04,Female,Colorado Springs,CO,USA
henry.white@example.com,Henry White,Henry,White,555-234-5671,1985-11-19,2024-02-05,Male,Atlanta,GA,USA
isabella.rodriguez@example.com,Isabella Rodriguez,Isabella,Rodriguez,555-345-6782,1993-03-22,2024-02-06,Female,Arlington,TX,USA
jackson.wilson@example.com,Jackson Wilson,Jackson,Wilson,555-456-7893,1990-08-10,2024-02-07,Male,San Diego,CA,USA
katie.harris@example.com,Katie Harris,Katie,Harris,555-567-8904,1988-02-14,2024-02-08,Female,Chandler,AZ,USA
luke.thompson@example.com,Luke Thompson,Luke,Thompson,555-678-9015,1989-06-25,2024-02-09,Male,Durham,NC,USA
maya.evans@example.com,Maya Evans,Maya,Evans,555-789-0126,1991-04-20,2024-02-10,Female,Lincoln,NE,USA
nathan.carter@example.com,Nathan Carter,Nathan,Carter,555-890-1237,1987-07-11,2024-02-11,Male,Grand Rapids,MI,USA
olivia.davis@example.com,Olivia Davis,Olivia,Davis,555-901-2348,1992-01-05,2024-02-12,Female,Las Vegas,NV,USA
paul.lee@example.com,Paul Lee,Paul,Lee,555-012-3459,1986-08-14,2024-02-13,Male,Jackson,MS,USA
quinn.adams@example.com,Quinn Adams,Quinn,Adams,555-123-4561,1989-05-23,2024-02-14,Female,Montgomery,AL,USA
riley.morris@example.com,Riley Morris,Riley,Morris,555-234-5672,1993-11-29,2024-02-15,Female,Newport News,VA,USA
samuel.brown@example.com,Samuel Brown,Samuel,Brown,555-345-6783,1990-07-19,2024-02-16,Male,Nashville,TN,USA
taylor.green@example.com,Taylor Green,Taylor,Green,555-456-7894,1988-10-15,2024-02-17,Female,St. Louis,MO,USA
uma.james@example.com,Uma James,Uma,James,555-567-8905,1991-01-09,2024-02-18,Female,Huntsville,AL,USA
victor.wilson@example.com,Victor Wilson,Victor,Wilson,555-678-9016,1987-02-20,2024-02-19,Male,Knoxville,TN,USA
willa.kelly@example.com,Willa Kelly,Willa,Kelly,555-789-0127,1994-04-17,2024-02-20,Female,Santa Ana,CA,USA
xander.davis@example.com,Xander Davis,Xander,Davis,555-890-1238,1989-12-31,2024-02-21,Male,Fort Worth,TX,USA
yara.garcia@example.com,Yara Garcia,Yara,Garcia,555-901-2349,1992-07-24,2024-02-22,Female,Columbia,SC,USA
zachary.miller@example.com,Zachary Miller,Zachary,Miller,555-012-3450,1993-09-09,2024-02-23,Male,Little Rock,AR,USA
